Level,State/UT,Year,District/Block,Rainfall (mm),Recharge (ham),Natural Discharge (ham),Extractable (ham),Extraction (ham),Stage (%),Status
District/Block,Andhra Pradesh,2024-2025,Alluri Sitharama Raju,1257.83,,,50117.56,2146.48,4.28,Safe
District/Block,Andhra Pradesh,2024-2025,Anakapalli,1182.55,,,69252.24,21723.97,31.37,Safe
District/Block,Andhra Pradesh,2024-2025,Ananthapuramu,515.03,,,119813.93,41819.1,34.9,Safe
District/Block,Andhra Pradesh,2024-2025,Annamayya,748.15,,,84922.96,33249.92,39.15,Safe
District/Block,Andhra Pradesh,2024-2025,Bapatla,826.52,,,69025.43,17758.14,25.73,Safe
District/Block,Andhra Pradesh,2024-2025,Chittoor,906.29,,,78874.99,43504.74,55.16,Safe
District/Block,Andhra Pradesh,2024-2025,East Godavari,1144.7,,,107239.03,36250.71,33.8,Safe
District/Block,Andhra Pradesh,2024-2025,Eluru,1079.02,,,136915.82,47705.35,34.84,Safe
District/Block,Andhra Pradesh,2024-2025,Guntur,895.11,,,50776.5,10702.21,21.08,Safe
District/Block,Andhra Pradesh,2024-2025,Kakinada,1103.58,,,108765.89,18412.4,16.93,Safe
District/Block,Andhra Pradesh,2024-2025,Konaseema,1304.93,,,102277.33,10753.36,10.51,Safe
District/Block,Andhra Pradesh,2024-2025,Krishna,1057.16,,,151126.1,48377.76,32.01,Safe
District/Block,Andhra Pradesh,2024-2025,Kurnool,610.15,,,64668.8,19733.2,30.51,Safe
District/Block,Andhra Pradesh,2024-2025,NTR,1032.24,,,69639.44,24763.28,35.56,Safe
District/Block,Andhra Pradesh,2024-2025,Nandyal,716.04,,,101057.8,12791.73,12.66,Safe
District/Block,Andhra Pradesh,2024-2025,Palnadu,750.85,,,106879.3,40099.82,37.52,Safe
District/Block,Andhra Pradesh,2024-2025,Parvathipuram Manyam,1168.07,,,89208.17,22507.56,25.23,Safe
District/Block,Andhra Pradesh,2024-2025,Prakasam,790.4,,,92930.32,46674.06,50.22,Safe
District/Block,Andhra Pradesh,2024-2025,Sri Potti Sriramulu Nellore,1040.05,,,180831.42,44136.85,24.41,Safe
District/Block,Andhra Pradesh,2024-2025,Sri Sathya Sai,589.84,,,119090.71,68401.25,57.44,Safe
District/Block,Andhra Pradesh,2024-2025,Srikakulam,1170.33,,,95773.56,34894.44,36.43,Safe
District/Block,Andhra Pradesh,2024-2025,Tirupati,1065.57,,,152903.89,55683.98,36.42,Safe
District/Block,Andhra Pradesh,2024-2025,Visakhapatnam,1140.58,,,12418.6,5445.76,43.85,Safe
District/Block,Andhra Pradesh,2024-2025,Vizianagaram,1109.88,,,136346.27,37178.99,27.27,Safe
District/Block,Andhra Pradesh,2024-2025,West Godavari,1117.26,,,49242.55,4880.98,9.91,Safe
District/Block,Andhra Pradesh,2024-2025,Y.S.R Kadapa,685.42,,,102267.89,38790.75,37.93,Safe
District/Block,Arunachal Pradesh,2024-2025,CHANGLANG,2222.9,,,27096.75,247.62,0.91,Safe
District/Block,Arunachal Pradesh,2024-2025,EAST KAMENG,2026.3,,,15809.36,108.82,0.69,Safe
District/Block,Arunachal Pradesh,2024-2025,EAST SIANG,4398.6,,,71985,179.02,0.25,Safe
District/Block,Arunachal Pradesh,2024-2025,LOHIT,2998.2,,,109376.97,273.72,0.25,Safe
District/Block,Arunachal Pradesh,2024-2025,LOWER DIBANG VALLEY,3996.1,,,71662.94,248.13,0.35,Safe
District/Block,Arunachal Pradesh,2024-2025,LOWER SUBANSIRI,1444.4,,,4485.54,39.79,0.89,Safe
District/Block,Arunachal Pradesh,2024-2025,PAPUM PARE,3199.6,,,9593.23,148.68,1.55,Safe
District/Block,Arunachal Pradesh,2024-2025,TIRAP,2907.3,,,7802.07,55.54,0.71,Safe
District/Block,Arunachal Pradesh,2024-2025,UPPER SUBANSIRI,1735.4,,,2429.81,21.28,0.88,Safe
District/Block,Arunachal Pradesh,2024-2025,WEST KAMENG,2388.7,,,3017.04,13.15,0.44,Safe
District/Block,Arunachal Pradesh,2024-2025,WEST SIANG,2891.9,,,5579.64,8.01,0.14,Safe
District/Block,Assam,2024-2025,BAKSA,3274.6,,,124548.86,4481.3,3.6,Safe
District/Block,Assam,2024-2025,BARPETA,2051.5,,,84137.01,35413.31,42.09,Safe
District/Block,Assam,2024-2025,BONGAIGAON,3102.4,,,44790.27,16070.11,35.88,Safe
District/Block,Assam,2024-2025,CACHAR,3311.9,,,45578.68,1435.96,3.15,Safe
District/Block,Assam,2024-2025,CHIRANG,3218.7,,,82014.38,2425.61,2.96,Safe
District/Block,Assam,2024-2025,DARRANG,1951.2,,,49402.73,24662.95,49.92,Safe
District/Block,Assam,2024-2025,DHEMAJI,2859.3,,,90320.29,4321.69,4.78,Safe
District/Block,Assam,2024-2025,DHUBRI,2752.8,,,89566.74,27537.37,30.75,Safe
District/Block,Assam,2024-2025,DIBRUGARH,2649.4,,,118195.83,4974.8,4.21,Safe
District/Block,Assam,2024-2025,DIMA HASAO,2791.8,,,56590.29,283.52,0.5,Safe
District/Block,Assam,2024-2025,GOALPARA,2583.2,,,53194.48,17377.44,32.67,Safe
District/Block,Assam,2024-2025,GOLAGHAT,1751.7,,,99329.89,5725.81,5.76,Safe
District/Block,Assam,2024-2025,HAILAKANDI,2838.3,,,23096.35,546.03,2.36,Safe
District/Block,Assam,2024-2025,JORHAT,2265.3,,,64255.08,10261.89,15.97,Safe
District/Block,Assam,2024-2025,KAMRUP,1896.2,,,76002.29,14958.56,19.68,Safe
District/Block,Assam,2024-2025,KAMRUP (M),1813.4,,,15408.39,5230.51,33.95,Safe
District/Block,Assam,2024-2025,KARBI ANGLONG,1122.2,,,117755.33,2592.68,2.2,Safe
District/Block,Assam,2024-2025,KARIMGANJ,3751,,,35660.04,1413.34,3.96,Safe
District/Block,Assam,2024-2025,KOKRAJHAR,3102.4,,,145008.49,9474.01,6.53,Safe
District/Block,Assam,2024-2025,LAKHIMPUR,3270.3,,,73091.06,7808.34,10.68,Safe
District/Block,Assam,2024-2025,MORIGAON,1884.8,,,36216.05,7942.9,21.93,Safe
District/Block,Assam,2024-2025,NAGAON,1884.8,,,113614.14,40318.45,35.49,Safe
District/Block,Assam,2024-2025,NALBARI,1896.2,,,34272.24,11498.11,33.55,Safe
District/Block,Assam,2024-2025,SIBSAGAR,2412.4,,,88201.34,5645.31,6.4,Safe
District/Block,Assam,2024-2025,SONITPUR,1978.7,,,137197.77,14227.64,10.37,Safe
District/Block,Assam,2024-2025,TINSUKIA,2322.6,,,114753.5,10796.49,9.41,Safe
District/Block,Assam,2024-2025,UDALGURI,1957.8,,,47710.65,5717.07,11.98,Safe
District/Block,Bihar,2024-2025,ARARIA,1632.2,,,141181.71,30224.68,21.41,Safe
District/Block,Bihar,2024-2025,ARWAL,874.4,,,19075.19,10005.14,52.45,Safe
District/Block,Bihar,2024-2025,AURANGABAD,974.9,,,118753.71,40859.05,34.41,Safe
District/Block,Bihar,2024-2025,BANKA,974.9,,,65462.86,28061.78,42.87,Safe
District/Block,Bihar,2024-2025,BEGUSARAI,1090.7,,,50653.36,34275.28,67.67,Safe
District/Block,Bihar,2024-2025,BHAGALPUR,1207.9,,,72112.64,33763.57,46.82,Safe
District/Block,Bihar,2024-2025,BHOJPUR,1051.5,,,80491.84,40231.42,49.98,Safe
District/Block,Bihar,2024-2025,BUXAR,975.4,,,58367.22,27668.49,47.4,Safe
District/Block,Bihar,2024-2025,DARBHANGA,1123.6,,,70422.18,41020.08,58.25,Safe
District/Block,Bihar,2024-2025,EAST CHAMPARAN,1197.7,,,176663.17,80394.84,45.51,Safe
District/Block,Bihar,2024-2025,GAYA,1003.9,,,121604.75,67603.75,55.59,Safe
District/Block,Bihar,2024-2025,GOPALGANJ,1135.5,,,95682.65,54790.42,57.26,Safe
District/Block,Bihar,2024-2025,JAMUI,1107.3,,,45012.36,18771.27,41.7,Safe
District/Block,Bihar,2024-2025,JEHANABAD,936.6,,,31147.61,25547.76,82.02,Semi-Critical
District/Block,Bihar,2024-2025,KAIMUR,1126.3,,,74653.62,32702.04,43.81,Safe
District/Block,Bihar,2024-2025,KATIHAR,1342.7,,,109422.24,46831.32,42.8,Safe
District/Block,Bihar,2024-2025,KHAGARIA,1233.9,,,44158.22,27775.78,62.9,Safe
District/Block,Bihar,2024-2025,KISHANGANJ,2090.6,,,62664.8,22055.2,35.2,Safe
District/Block,Bihar,2024-2025,LAKHISARAI,1146.8,,,38763.27,12461.87,32.15,Safe
District/Block,Bihar,2024-2025,MADHEPURA,1392.7,,,98038.44,36852.18,37.59,Safe
District/Block,Bihar,2024-2025,MADHUBANI,1293.3,,,130736.8,60164.22,46.02,Safe
District/Block,Bihar,2024-2025,MUNGER,1146.8,,,37833.57,13991.86,36.98,Safe
District/Block,Bihar,2024-2025,MUZAFFARPUR,1154.5,,,111162.45,72471.01,65.19,Safe
District/Block,Bihar,2024-2025,NALANDA,1002.2,,,62276.36,47126.48,75.67,Semi-Critical
District/Block,Bihar,2024-2025,NAWADA,1041.8,,,65961.42,32846.45,49.8,Safe
District/Block,Bihar,2024-2025,PATNA,1074.8,,,98029.81,59747.83,60.95,Safe
District/Block,Bihar,2024-2025,PURNEA,1598.2,,,153922.23,58094.92,37.74,Safe
District/Block,Bihar,2024-2025,ROHTAS,949.1,,,114671.24,34661.96,30.23,Safe
District/Block,Bihar,2024-2025,SAHARSA,1692.9,,,63348.59,23573.2,37.21,Safe
District/Block,Bihar,2024-2025,SAMASTIPUR,1192.3,,,79958,54648.73,68.35,Safe
District/Block,Bihar,2024-2025,SARAN,1123.8,,,100795.6,42468.59,42.13,Safe
District/Block,Bihar,2024-2025,SHEIKHPURA,1008.4,,,16973.15,9984.71,58.83,Safe
District/Block,Bihar,2024-2025,SHEOHAR,1293.1,,,16443.37,9065.05,55.13,Safe
District/Block,Bihar,2024-2025,SITAMARHI,1293.1,,,65866.83,30686.44,46.59,Safe
District/Block,Bihar,2024-2025,SIWAN,1135.4,,,96578.65,52352.48,54.21,Safe
District/Block,Bihar,2024-2025,SUPAUL,1273.8,,,101447.59,33512.08,33.03,Safe
District/Block,Bihar,2024-2025,VAISHALI,1176.5,,,72896.53,46397.41,63.65,Safe
District/Block,Bihar,2024-2025,WEST CHAMPARAN,1472,,,168862.7,53263.53,31.54,Safe
District/Block,Chandigarh,2024-2025,CHANDIGARH,1009.8,,,4786.58,3206.89,67,Safe
District/Block,Chhattisgarh,2024-2025,BALOD,1122.9,,,36617.22,26589.31,72.61,Semi-Critical
District/Block,Chhattisgarh,2024-2025,BALODA BAZAR,1396.68,,,61336.95,26888.97,43.84,Safe
District/Block,Chhattisgarh,2024-2025,BALRAMPUR,1317,,,48726.04,13956.84,28.64,Safe
District/Block,Chhattisgarh,2024-2025,BASTAR,1362.6,,,25516.45,9840.53,38.57,Safe
District/Block,Chhattisgarh,2024-2025,BEMETARA,1122.9,,,42803.84,39515.41,92.32,Critical
District/Block,Chhattisgarh,2024-2025,BIJAPUR,1528.1,,,47068.97,5230.5,11.11,Safe
District/Block,Chhattisgarh,2024-2025,BILASPUR,1114.46,,,46974.97,29083.28,61.91,Safe
District/Block,Chhattisgarh,2024-2025,DANTEWADA,1327.9,,,25120.76,4818.25,19.18,Safe
District/Block,Chhattisgarh,2024-2025,DHAMTARI,1385.3,,,62313.17,46081.57,73.95,Semi-Critical
District/Block,Chhattisgarh,2024-2025,DURG,1122.9,,,38905.55,29555.78,75.97,Semi-Critical
District/Block,Chhattisgarh,2024-2025,GARIABAND,1385.3,,,33978.58,21375.89,62.91,Safe
District/Block,Chhattisgarh,2024-2025,GOURELA-PENDRA-MARWAHI,1229.8,,,12812.38,5273.85,41.16,Safe
District/Block,Chhattisgarh,2024-2025,JANJGIR-CHAMPA,1386,,,44100.76,11336.82,25.71,Safe
District/Block,Chhattisgarh,2024-2025,JASHPUR,1482.74,,,33849.37,17729.26,52.38,Safe
District/Block,Chhattisgarh,2024-2025,KABIRDHAM,1117,,,65847.08,39130.77,59.43,Safe
District/Block,Chhattisgarh,2024-2025,KANKER,1397.51,,,66203.36,26062.08,39.37,Safe
District/Block,Chhattisgarh,2024-2025,KHAIRAGARH-CHHUIKHADAN_GANDAI,1208.7,,,17975.63,11374.54,63.28,Safe
District/Block,Chhattisgarh,2024-2025,KONDAGAON,1362.4,,,36028.57,16288.95,45.21,Safe
District/Block,Chhattisgarh,2024-2025,KORBA,1392,,,46997.09,16768.39,35.68,Safe
District/Block,Chhattisgarh,2024-2025,KOREA,1317,,,14202.74,7016.53,49.4,Safe
District/Block,Chhattisgarh,2024-2025,MAHASAMUND,1406.24,,,94105.68,56889,60.45,Safe
District/Block,Chhattisgarh,2024-2025,MANENDRAGARH-CHIRMIRI_BHARATPUR,1317,,,47266,9903.02,20.95,Safe
District/Block,Chhattisgarh,2024-2025,MOHLA-MANPUR_AMBAGARHCHOWKI,1208.7,,,15144.39,5816.76,38.41,Safe
District/Block,Chhattisgarh,2024-2025,MUNGELI,1351,,,24514.69,11319.44,46.17,Safe
District/Block,Chhattisgarh,2024-2025,NARAYANPUR,1404.1,,,25241.36,2621.35,10.39,Safe
District/Block,Chhattisgarh,2024-2025,RAIGARH,1466,,,39100.27,17126.22,43.8,Safe
District/Block,Chhattisgarh,2024-2025,RAIPUR,1376.34,,,46265.25,27771.02,60.03,Safe
District/Block,Chhattisgarh,2024-2025,RAJNANDGAON,1208.7,,,36228.52,24405.79,67.37,Safe
District/Block,Chhattisgarh,2024-2025,SAKTI,1386,,,29666.26,14302.03,48.21,Safe
District/Block,Chhattisgarh,2024-2025,SARANGARH-BILAIRAGH,1418.41,,,22549.72,8965.1,39.76,Safe
District/Block,Chhattisgarh,2024-2025,SUKMA,1403.85,,,41767.19,2385.02,5.71,Safe
District/Block,Chhattisgarh,2024-2025,SURAJPUR,1241.81,,,38028.39,24469.62,64.35,Safe
District/Block,Chhattisgarh,2024-2025,SURGUJA,1369.15,,,39608.75,19795.49,49.98,Safe
District/Block,Delhi (NCT),2024-2025,CENTRAL,652,,,2310.29,1747.05,75.62,Semi-Critical
District/Block,Delhi (NCT),2024-2025,EAST,652,,,1501.49,1447.79,96.42,Critical
District/Block,Delhi (NCT),2024-2025,NAZUL LAND,652,,,514.28,337.92,65.71,Safe
District/Block,Delhi (NCT),2024-2025,NEW DELHI,652,,,2726.07,3359.65,123.24,Over-Exploited
District/Block,Delhi (NCT),2024-2025,NORTH,652,,,4252.06,3789.81,89.13,Semi-Critical
District/Block,Delhi (NCT),2024-2025,NORTH EAST,652,,,1632.23,1730.39,106.01,Over-Exploited
District/Block,Delhi (NCT),2024-2025,NORTH WEST,652,,,3486.13,2259.86,64.82,Safe
District/Block,Delhi (NCT),2024-2025,SHAHDARA,652,,,1485.55,1666.96,112.21,Over-Exploited
District/Block,Delhi (NCT),2024-2025,SOUTH,652,,,4074.53,4213.53,103.41,Over-Exploited
District/Block,Delhi (NCT),2024-2025,SOUTH EAST,652,,,2397.71,2115.95,88.25,Semi-Critical
District/Block,Delhi (NCT),2024-2025,SOUTH WEST,652,,,6641.81,5888.2,88.65,Semi-Critical
District/Block,Delhi (NCT),2024-2025,WEST,652,,,3535,3271.12,92.54,Critical
District/Block,Goa,2024-2025,GOA NORTH,3354.45,,,13196.35,3604.86,27.32,Safe
District/Block,Goa,2024-2025,SOUTH GOA,3355.93,,,17304.99,3500.48,20.23,Safe
District/Block,Gujarat,2024-2025,AHMEDABAD,700.66,,,42258.26,34972.68,82.76,Semi-Critical
District/Block,Gujarat,2024-2025,AMRELI,735.33,,,144664.55,82905.02,57.31,Safe
District/Block,Gujarat,2024-2025,ANAND,859.29,,,110794.74,32617.81,29.44,Safe
District/Block,Gujarat,2024-2025,ARVALLI,900.77,,,86429.06,38021.78,43.99,Safe
District/Block,Gujarat,2024-2025,BANASKANTHA,686.13,,,118909.66,144442.01,121.47,Over-Exploited
District/Block,Gujarat,2024-2025,BHARUCH,805.15,,,63557.66,17321.76,27.25,Safe
District/Block,Gujarat,2024-2025,BHAVNAGAR,690.74,,,106253.72,47701.37,44.89,Safe
District/Block,Gujarat,2024-2025,BOTAD,713.71,,,43035.49,24644.43,57.27,Safe
District/Block,Gujarat,2024-2025,CHHOTA UDEPUR,1118.58,,,56983.89,25844.31,45.35,Safe
District/Block,Gujarat,2024-2025,DAHOD,724.15,,,34036.87,13864.44,40.73,Safe
District/Block,Gujarat,2024-2025,DANG,2388.39,,,31191.34,3955.85,12.68,Safe
District/Block,Gujarat,2024-2025,DEVBHUMI DWARKA,919.3,,,43593.3,30656.11,70.32,Semi-Critical
District/Block,Gujarat,2024-2025,GANDHINAGAR,794.83,,,57791.12,64309.15,111.28,Over-Exploited
District/Block,Gujarat,2024-2025,GIR SOMNATH,1107.9,,,70296.46,34478.69,49.05,Safe
District/Block,Gujarat,2024-2025,JAMNAGAR,808.29,,,130650.96,56991.57,43.62,Safe
District/Block,Gujarat,2024-2025,JUNAGADH,1181.57,,,150807.86,71505.12,47.41,Safe
District/Block,Gujarat,2024-2025,KACHCHH,560.35,,,89915.86,46567.54,51.79,Safe
District/Block,Gujarat,2024-2025,KHEDA,859.3,,,79362.14,32859.69,41.4,Safe
District/Block,Gujarat,2024-2025,MAHESANA,760.21,,,74550.7,81069.07,108.74,Over-Exploited
District/Block,Gujarat,2024-2025,MAHISAGAR,751.59,,,30719.91,15524.4,50.54,Safe
District/Block,Gujarat,2024-2025,MORBI,626.03,,,67620.3,34992.06,51.75,Safe
District/Block,Gujarat,2024-2025,NARMADA,1122.7,,,38657.36,25842.19,66.85,Safe
District/Block,Gujarat,2024-2025,NAVSARI,1894.64,,,77165.39,23997.31,31.1,Safe
District/Block,Gujarat,2024-2025,PANCHMAHAL,912.1,,,54298.11,14686.57,27.05,Safe
District/Block,Gujarat,2024-2025,PATAN,627.47,,,37610.31,44595.91,118.57,Over-Exploited
District/Block,Gujarat,2024-2025,PORBANDAR,843.63,,,21446.52,12125.02,56.54,Safe
District/Block,Gujarat,2024-2025,RAJKOT,809.39,,,169025.48,111367.28,65.89,Safe
District/Block,Gujarat,2024-2025,SABARKANTHA,919.29,,,76631.54,57717.98,75.32,Semi-Critical
District/Block,Gujarat,2024-2025,SURAT,1551.19,,,134748.37,56737.69,42.11,Safe
District/Block,Gujarat,2024-2025,SURENDRANAGAR,606.88,,,75679.81,39169.56,51.76,Safe
District/Block,Gujarat,2024-2025,TAPI,1484.27,,,71235.27,26421.49,37.09,Safe
District/Block,Gujarat,2024-2025,VADODARA,897.58,,,101350.31,67426.32,66.53,Safe
District/Block,Gujarat,2024-2025,VALSAD,2487.5,,,69397.12,21717.54,31.29,Safe
District/Block,Haryana,2024-2025,AMBALA,1065.56,,,38743.1,50427.47,130.16,Over-Exploited
District/Block,Haryana,2024-2025,BHIWANI,346.87,,,39084.92,43344.03,110.9,Over-Exploited
District/Block,Haryana,2024-2025,CHARKHI DADRI,425.3,,,17419.14,24315.28,139.59,Over-Exploited
District/Block,Haryana,2024-2025,FARIDABAD,601.54,,,13642.38,23925.38,175.38,Over-Exploited
District/Block,Haryana,2024-2025,FATEHABAD,297.59,,,59223.82,105358.68,177.9,Over-Exploited
District/Block,Haryana,2024-2025,GURGAON,559.49,,,22591.43,43961.99,194.6,Over-Exploited
District/Block,Haryana,2024-2025,HISAR,475.57,,,66085.71,48052.1,72.71,Semi-Critical
District/Block,Haryana,2024-2025,JHAJJAR,464.15,,,45688.38,22661.15,49.6,Safe
District/Block,Haryana,2024-2025,JIND,395.75,,,68244.35,79334.12,116.25,Over-Exploited
District/Block,Haryana,2024-2025,KAITHAL,483.55,,,41841.37,82409.09,196.96,Over-Exploited
District/Block,Haryana,2024-2025,KARNAL,649.35,,,105936.46,183836.83,173.53,Over-Exploited
District/Block,Haryana,2024-2025,KURUKSHETRA,624.24,,,37850.67,85366.76,225.54,Over-Exploited
District/Block,Haryana,2024-2025,MAHENDRAGARH,332.92,,,19806.38,31067.04,156.85,Over-Exploited
District/Block,Haryana,2024-2025,MEWAT,434.98,,,17417.06,12594.83,72.31,Semi-Critical
District/Block,Haryana,2024-2025,PALWAL,441.59,,,40387.35,37151.91,91.99,Critical
District/Block,Haryana,2024-2025,PANCHKULA,1379,,,13446,8344.67,62.06,Safe
District/Block,Haryana,2024-2025,PANIPAT,478.91,,,47360.25,103168.5,217.84,Over-Exploited
District/Block,Haryana,2024-2025,REWARI,541.91,,,26482.73,35267.5,133.17,Over-Exploited
District/Block,Haryana,2024-2025,ROHTAK,445.59,,,32903.05,16054.87,48.79,Safe
District/Block,Haryana,2024-2025,SIRSA,283.66,,,60874.51,97228.81,159.72,Over-Exploited
District/Block,Haryana,2024-2025,SONIPAT,451.84,,,62183.27,67611.93,108.73,Over-Exploited
District/Block,Haryana,2024-2025,YAMUNA NAGAR,901,,,52900.48,70456.9,133.19,Over-Exploited
District/Block,Himachal Pradesh,2024-2025,KANGRA,2019.8,,,50943.8,12422.53,24.38,Safe
District/Block,Himachal Pradesh,2024-2025,MND,1506.9,,,6960.5,1276.97,18.35,Safe
District/Block,Himachal Pradesh,2024-2025,SLN,1366.2,,,14312.37,9935.22,69.42,Safe
District/Block,Himachal Pradesh,2024-2025,SRM,1618.3,,,9484.06,2478.6,26.13,Safe
District/Block,Himachal Pradesh,2024-2025,UNA,1110.7,,,19473.33,12677.64,65.1,Safe
District/Block,Jammu & Kashmir,2024-2025,Anantnag,967.4,,,9985.78,2366.96,23.7,Safe
District/Block,Jammu & Kashmir,2024-2025,Bandipora,774.1,,,4272.11,673.14,15.76,Safe
District/Block,Jammu & Kashmir,2024-2025,Baramulla,920.9,,,9834.88,2215.84,22.53,Safe
District/Block,Jammu & Kashmir,2024-2025,Budgam,717.1,,,4742.16,1324.54,27.93,Safe
District/Block,Jammu & Kashmir,2024-2025,Doda,1268.7,,,935.94,192.52,20.57,Safe
District/Block,Jammu & Kashmir,2024-2025,Ganderbal,914.4,,,970.82,446.15,45.96,Safe
District/Block,Jammu & Kashmir,2024-2025,Jammu,1361.2,,,41150.83,13639.43,33.14,Safe
District/Block,Jammu & Kashmir,2024-2025,Kathua,1871.7,,,30704.77,7345.65,23.92,Safe
District/Block,Jammu & Kashmir,2024-2025,Kishtwar,1268.7,,,1188.86,186.34,15.67,Safe
District/Block,Jammu & Kashmir,2024-2025,Kulgam,1228.1,,,6112.2,1254.75,20.53,Safe
District/Block,Jammu & Kashmir,2024-2025,Kupwarar,1057.1,,,5586.49,1199.43,21.47,Safe
District/Block,Jammu & Kashmir,2024-2025,Poonch,1337,,,4622.86,782.4,16.92,Safe
District/Block,Jammu & Kashmir,2024-2025,Pulwama,578.7,,,5210.82,1988.9,38.17,Safe
District/Block,Jammu & Kashmir,2024-2025,Rajouri,1188.4,,,16012.55,2021.42,12.62,Safe
District/Block,Jammu & Kashmir,2024-2025,Ramban,1468.4,,,665.88,211.91,31.82,Safe
District/Block,Jammu & Kashmir,2024-2025,Reasi,2189,,,21852.28,2403.63,11,Safe
District/Block,Jammu & Kashmir,2024-2025,Samba,1043.5,,,15582.24,2727.02,17.5,Safe
District/Block,Jammu & Kashmir,2024-2025,Shopian,806.9,,,4748.18,1026.36,21.62,Safe
District/Block,Jammu & Kashmir,2024-2025,Srinagar,815.7,,,12288.16,6947.93,56.54,Safe
District/Block,Jammu & Kashmir,2024-2025,Udhampur,1632.2,,,10986.36,2356.22,21.45,Safe
District/Block,Jharkhand,2024-2025,BOKARO,1208.84,,,18584.7,9190.74,49.45,Safe
District/Block,Jharkhand,2024-2025,CHATRA,1148.25,,,23463.93,9739.32,41.51,Safe
District/Block,Jharkhand,2024-2025,DEOGHAR,1309.02,,,15908.14,8626.07,54.22,Safe
District/Block,Jharkhand,2024-2025,DHANBAD,1388.33,,,26369.39,19681.13,74.64,Semi-Critical
District/Block,Jharkhand,2024-2025,DUMKA,1422.65,,,29973.6,6423.17,21.43,Safe
District/Block,Jharkhand,2024-2025,EAST SINGHBHUM,1438.36,,,26306.14,7783.56,29.59,Safe
District/Block,Jharkhand,2024-2025,GARHWA,1088.73,,,26610.82,9912.65,37.25,Safe
District/Block,Jharkhand,2024-2025,GIRIDIH,1241.59,,,37876.71,15261.61,40.29,Safe
District/Block,Jharkhand,2024-2025,GODDA,1180.23,,,21383.4,4756.77,22.25,Safe
District/Block,Jharkhand,2024-2025,GUMLA,1369.15,,,31457.35,5764.02,18.32,Safe
District/Block,Jharkhand,2024-2025,HAZARIBAGH,1338.26,,,32044.47,11887.15,37.1,Safe
District/Block,Jharkhand,2024-2025,JAMTARA,1443.8,,,8314.43,3891.87,46.81,Safe
District/Block,Jharkhand,2024-2025,KHUNTI,1409.24,,,12424.34,3471.44,27.94,Safe
District/Block,Jharkhand,2024-2025,KODERMA,1129.6,,,6567.39,4118.8,62.72,Safe
District/Block,Jharkhand,2024-2025,LATEHAR,1279.46,,,22948.7,6677.76,29.1,Safe
District/Block,Jharkhand,2024-2025,LOHARDAGA,1238.59,,,18171.21,2783.09,15.32,Safe
District/Block,Jharkhand,2024-2025,PAKUR,1660.18,,,23529.93,3603.45,15.31,Safe
District/Block,Jharkhand,2024-2025,PALAMAU,1023.89,,,31414.59,11467.05,36.5,Safe
District/Block,Jharkhand,2024-2025,RAMGARH,1307.76,,,10588.53,6567.88,62.03,Safe
District/Block,Jharkhand,2024-2025,RANCHI,1314.06,,,36589.04,16788.48,45.88,Safe
District/Block,Jharkhand,2024-2025,SAHEBGANJ,1564.25,,,28315.81,4611.11,16.28,Safe
District/Block,Jharkhand,2024-2025,SARAIKELA KHARSAWAN,1322.67,,,15947.61,3860.36,24.21,Safe
District/Block,Jharkhand,2024-2025,SIMDEGA,1547.74,,,20496.04,3240.72,15.81,Safe
District/Block,Jharkhand,2024-2025,WEST SINGHBHUM,1329.25,,,38119.69,5195.5,13.63,Safe
District/Block,Karnataka,2024-2025,Bagalkot,661.15,,,61670.26,48647.67,78.88,Semi-Critical
District/Block,Karnataka,2024-2025,Ballari,628.69,,,65556.34,16678.97,25.44,Safe
District/Block,Karnataka,2024-2025,Belagavi,845.01,,,107484.71,75697.07,70.43,Semi-Critical
District/Block,Karnataka,2024-2025,Bengaluru (Rural),849.75,,,16810.69,24673.99,146.78,Over-Exploited
District/Block,Karnataka,2024-2025,Bengaluru (Urban),889.07,,,30838.84,54669.77,177.28,Over-Exploited
District/Block,Karnataka,2024-2025,Bengaluru South,886.32,,,49111.96,44780.88,91.18,Critical
District/Block,Karnataka,2024-2025,Bidar,850.23,,,34195.2,23247.19,67.98,Safe
District/Block,Karnataka,2024-2025,Chamarajanagara,1105.27,,,36078.7,31883.25,88.37,Semi-Critical
District/Block,Karnataka,2024-2025,Chikkaballapura,919.22,,,30753.83,50946.32,165.66,Over-Exploited
District/Block,Karnataka,2024-2025,Chikkamagaluru,1244.7,,,61354.84,33872.68,55.21,Safe
District/Block,Karnataka,2024-2025,Chitradurga,569.35,,,39321.35,52314.42,133.04,Over-Exploited
District/Block,Karnataka,2024-2025,Dakshina Kannada,4031.8,,,65995.09,30166.07,45.71,Safe
District/Block,Karnataka,2024-2025,Davanagere,732.57,,,57795.01,51198.06,88.59,Semi-Critical
District/Block,Karnataka,2024-2025,Dharwad,770.68,,,29761.87,16919.44,56.85,Safe
District/Block,Karnataka,2024-2025,Gadag,710.9,,,32552.47,24546.92,75.41,Semi-Critical
District/Block,Karnataka,2024-2025,Hassan,933.42,,,79141.3,48651.01,61.47,Safe
District/Block,Karnataka,2024-2025,Haveri,823.72,,,56981.41,36777.92,64.54,Safe
District/Block,Karnataka,2024-2025,Kalburgi,837.58,,,67425.4,31170.45,46.23,Safe
District/Block,Karnataka,2024-2025,Kodagu,2215.34,,,21292.87,7579.65,35.6,Safe
District/Block,Karnataka,2024-2025,Kolara,822.02,,,33032.75,60922.59,184.43,Over-Exploited
District/Block,Karnataka,2024-2025,Koppal,627.37,,,59856.23,36683.4,61.29,Safe
District/Block,Karnataka,2024-2025,Mandya,733.24,,,63131.17,41570.45,65.85,Safe
District/Block,Karnataka,2024-2025,Mysuru,811.5,,,66020.4,30991.33,46.94,Safe
District/Block,Karnataka,2024-2025,Raichur,580.46,,,78483.52,34499.85,43.96,Safe
District/Block,Karnataka,2024-2025,Shivamogga,1916.37,,,98115.07,41606.45,42.41,Safe
District/Block,Karnataka,2024-2025,Tumakuru,745.35,,,76499.82,69943.86,91.43,Critical
District/Block,Karnataka,2024-2025,Udupi,4419.64,,,49289.94,16183.73,32.83,Safe
District/Block,Karnataka,2024-2025,Uttara Kannada,2600.68,,,83772.07,25580.44,30.54,Safe
District/Block,Karnataka,2024-2025,Vijayanagara,649.75,,,39803.68,32116.83,80.69,Semi-Critical
District/Block,Karnataka,2024-2025,Vijayapura,612.68,,,95306.7,42848.25,44.96,Safe
District/Block,Karnataka,2024-2025,Yadgir,837.37,,,53977.25,20544.93,38.06,Safe
District/Block,Kerala,2024-2025,ALAPPUZHA,2688.5,,,35712.59,13283.16,37.19,Safe
District/Block,Kerala,2024-2025,ERNAKULAM,3146.2,,,41464.33,17643.89,42.55,Safe
District/Block,Kerala,2024-2025,IDUKKI,2921.58,,,20506,10137.66,49.44,Safe
District/Block,Kerala,2024-2025,KANNUR,3277,,,38256.01,17369.68,45.4,Safe
District/Block,Kerala,2024-2025,KASARGOD,3453,,,31237.67,21668.9,69.37,Safe
District/Block,Kerala,2024-2025,KOLLAM,2361,,,32335.72,15297.66,47.31,Safe
District/Block,Kerala,2024-2025,KOTTAYAM,2925.58,,,38224.58,12398.4,32.44,Safe
District/Block,Kerala,2024-2025,KOZHIKKODE,3364.4,,,29952.65,17405.51,58.11,Safe
District/Block,Kerala,2024-2025,MALAPPURAM,2726.2,,,43008.88,29128.51,67.73,Safe
District/Block,Kerala,2024-2025,PALAKKAD,2182.7,,,55651.81,31321.81,56.28,Safe
District/Block,Kerala,2024-2025,PATHANAMTHITTA,2776.4,,,23387.34,7292.32,31.18,Safe
District/Block,Kerala,2024-2025,THIRUVANANTHAPURAM,1818.94,,,25138.07,15778.16,62.77,Safe
District/Block,Kerala,2024-2025,THRISSUR,2965.9,,,57019.55,32475.08,56.95,Safe
District/Block,Kerala,2024-2025,WAYANAD,3060.4,,,21516.97,5244.91,24.38,Safe
District/Block,Ladakh,2024-2025,KARGIL,89.3,,,1404.78,479.72,34.15,Safe
District/Block,Ladakh,2024-2025,LEH,62.4,,,4662.92,1397.16,29.96,Safe
District/Block,Madhya Pradesh,2024-2025,AGAR MALWA,961.8,,,41140.77,38175.78,92.79,Critical
District/Block,Madhya Pradesh,2024-2025,ALIRAJPUR,917.5,,,22888.13,9591.32,41.91,Safe
District/Block,Madhya Pradesh,2024-2025,ANUPPUR,1095.3,,,26277.63,7237.68,27.54,Safe
District/Block,Madhya Pradesh,2024-2025,ASHOKNAGAR,912.6,,,39099.42,24462.42,62.56,Safe
District/Block,Madhya Pradesh,2024-2025,BALAGHAT,1471.6,,,71524.88,17006.89,23.78,Safe
District/Block,Madhya Pradesh,2024-2025,BARWANI,715,,,52968.69,37486.44,70.77,Semi-Critical
District/Block,Madhya Pradesh,2024-2025,BETUL,1081.3,,,99188.8,50296.81,50.71,Safe
District/Block,Madhya Pradesh,2024-2025,BHIND,951,,,91194.17,30214.8,33.13,Safe
District/Block,Madhya Pradesh,2024-2025,BHOPAL,1030.6,,,36703.5,30017.75,81.78,Semi-Critical
District/Block,Madhya Pradesh,2024-2025,BURHANPUR,883.8,,,35651.65,24603.54,69.01,Safe
District/Block,Madhya Pradesh,2024-2025,CHHATARPUR,1095.1,,,84341.63,54357.51,64.45,Safe
District/Block,Madhya Pradesh,2024-2025,CHHINDWARA,1221.6,,,82881.36,49994.57,60.32,Safe
District/Block,Madhya Pradesh,2024-2025,DAMOH,1169.3,,,38217.72,22403.86,58.62,Safe
District/Block,Madhya Pradesh,2024-2025,DATIA,963.8,,,46960.13,15727.01,33.49,Safe
District/Block,Madhya Pradesh,2024-2025,DEWAS,1069,,,83573.56,67094.58,80.28,Semi-Critical
District/Block,Madhya Pradesh,2024-2025,DHAR,902.3,,,130925.45,87247.38,66.64,Safe
District/Block,Madhya Pradesh,2024-2025,DINDORI,1376.7,,,30544.25,4397.69,14.4,Safe
District/Block,Madhya Pradesh,2024-2025,GUNA,1082,,,86812.52,57831.65,66.62,Safe
District/Block,Madhya Pradesh,2024-2025,GWALIOR,879,,,78476.99,25935.85,33.05,Safe
District/Block,Madhya Pradesh,2024-2025,HARDA,1374.5,,,45106.41,16950.58,37.58,Safe
District/Block,Madhya Pradesh,2024-2025,HOSHANGABAD,1437.7,,,177290.89,47109.77,26.57,Safe
District/Block,Madhya Pradesh,2024-2025,INDORE,924.2,,,55666.6,65662.91,117.96,Over-Exploited
District/Block,Madhya Pradesh,2024-2025,JABALPUR,1227.3,,,61273.47,34077.38,55.62,Safe
District/Block,Madhya Pradesh,2024-2025,JHABUA,935.9,,,28540.72,12460.33,43.66,Safe
District/Block,Madhya Pradesh,2024-2025,KATNI,1171.4,,,40535.48,19011.64,46.9,Safe
District/Block,Madhya Pradesh,2024-2025,KHANDWA,951.65,,,113374.18,45104.11,39.78,Safe
District/Block,Madhya Pradesh,2024-2025,KHARGONE,950.3,,,95546.56,42796.69,44.79,Safe
District/Block,Madhya Pradesh,2024-2025,MAIHAR,1075.5,,,21175.54,14869.25,70.22,Semi-Critical
District/Block,Madhya Pradesh,2024-2025,MANDLA,1445.1,,,42970.97,10294.33,23.96,Safe
District/Block,Madhya Pradesh,2024-2025,MANDSAUR,880.9,,,67802.42,67752.51,99.93,Critical
District/Block,Madhya Pradesh,2024-2025,MAUGANJ,1143.1,,,13525.29,7200.98,53.24,Safe
District/Block,Madhya Pradesh,2024-2025,MORENA,753,,,74191.34,31266.43,42.14,Safe
District/Block,Madhya Pradesh,2024-2025,NARSINGHPUR,1243.1,,,121230.44,80649.36,66.53,Safe
District/Block,Madhya Pradesh,2024-2025,NEEMUCH,854.85,,,37569.8,38123.74,101.47,Over-Exploited
District/Block,Madhya Pradesh,2024-2025,NIWARI,978.4,,,19411.32,13033.59,67.14,Safe
District/Block,Madhya Pradesh,2024-2025,PANDHURNA,1221.6,,,19002.81,13933.19,73.32,Semi-Critical
District/Block,Madhya Pradesh,2024-2025,PANNA,1169.7,,,50374.84,19204.19,38.12,Safe
District/Block,Madhya Pradesh,2024-2025,RAISEN,1154.6,,,91585.27,48166.87,52.59,Safe
District/Block,Madhya Pradesh,2024-2025,RAJGARH,999.6,,,89904.53,79974.32,88.95,Semi-Critical
District/Block,Madhya Pradesh,2024-2025,RATLAM,953.5,,,80128.09,106727.09,133.2,Over-Exploited
District/Block,Madhya Pradesh,2024-2025,REWA,1143.1,,,39297.34,22417.69,57.05,Safe
District/Block,Madhya Pradesh,2024-2025,SAGAR,1141.5,,,103319.3,61907.76,59.92,Safe
District/Block,Madhya Pradesh,2024-2025,SATNA,1075.5,,,54129.7,34060.3,62.92,Safe
District/Block,Madhya Pradesh,2024-2025,SEHORE,1217.7,,,66964.71,43002.91,64.22,Safe
District/Block,Madhya Pradesh,2024-2025,SEONI,1323.6,,,66423.48,30175.85,45.43,Safe
District/Block,Madhya Pradesh,2024-2025,SHAHDOL,1080.7,,,45846.53,7662.77,16.71,Safe
District/Block,Madhya Pradesh,2024-2025,SHAJAPUR,961.8,,,53743.99,56623.04,105.36,Over-Exploited
District/Block,Madhya Pradesh,2024-2025,SHEOPUR,799.2,,,51584.3,19645.41,38.08,Safe
District/Block,Madhya Pradesh,2024-2025,SHIVPURI,994.9,,,85050.05,56456.9,66.38,Safe
District/Block,Madhya Pradesh,2024-2025,SIDHI,1131.7,,,30248.44,11257.01,37.22,Safe
District/Block,Madhya Pradesh,2024-2025,SINGRAULI,960.6,,,34675.29,15375.81,44.34,Safe
District/Block,Madhya Pradesh,2024-2025,TIKAMGARH,978.4,,,38347.62,30803.17,80.33,Semi-Critical
District/Block,Madhya Pradesh,2024-2025,UJJAIN,967.8,,,94842.23,102168.68,107.72,Over-Exploited
District/Block,Madhya Pradesh,2024-2025,UMARIA,1194.6,,,34556.39,7024.6,20.33,Safe
District/Block,Madhya Pradesh,2024-2025,VIDISHA,1087.6,,,90274.77,58759.23,65.09,Safe
District/Block,Maharashtra,2024-2025,Ahmednagar,573.23,,,152671.44,117023.7,76.65,Semi-Critical
District/Block,Maharashtra,2024-2025,Akola,782.04,,,37490.59,23799.2,63.48,Safe
District/Block,Maharashtra,2024-2025,Amravati,856.07,,,77619.83,59637.68,76.83,Semi-Critical
District/Block,Maharashtra,2024-2025,Aurangabad,667.87,,,113419.71,72814.94,64.2,Safe
District/Block,Maharashtra,2024-2025,Beed,695.78,,,124511.94,72919.72,58.56,Safe
District/Block,Maharashtra,2024-2025,Bhandara,1449.95,,,87058.59,26115.21,30,Safe
District/Block,Maharashtra,2024-2025,Buldhana,756.69,,,87918.6,63630.83,72.37,Semi-Critical
District/Block,Maharashtra,2024-2025,Chandrapur,1290.43,,,110166.2,32802.59,29.78,Safe
District/Block,Maharashtra,2024-2025,Dhule,643.36,,,73977.56,35781.54,48.37,Safe
District/Block,Maharashtra,2024-2025,Gadchiroli,1302.76,,,101387.27,26532.5,26.17,Safe
District/Block,Maharashtra,2024-2025,Gondia,1495.17,,,62122.83,16529.7,26.61,Safe
District/Block,Maharashtra,2024-2025,Hingoli,966.51,,,97987.61,38518.36,39.31,Safe
District/Block,Maharashtra,2024-2025,Jalgaon,687.25,,,136342.26,106456.08,78.08,Semi-Critical
District/Block,Maharashtra,2024-2025,Jalna,860.25,,,92823.52,45995.2,49.55,Safe
District/Block,Maharashtra,2024-2025,Kolhapur,1674.1,,,127744.85,54336.81,42.54,Safe
District/Block,Maharashtra,2024-2025,Latur,725.74,,,69755.94,34503.29,49.46,Safe
District/Block,Maharashtra,2024-2025,Mumbai,2205,,,1477.65,680.14,46.03,Safe
District/Block,Maharashtra,2024-2025,Mumbai Sub,2141.85,,,7263.56,1869.91,25.74,Safe
District/Block,Maharashtra,2024-2025,Nagpur,1164.94,,,140292.87,64092.79,45.68,Safe
District/Block,Maharashtra,2024-2025,Nanded,1023.69,,,118656.72,38252.33,32.24,Safe
District/Block,Maharashtra,2024-2025,Nandurbar,939.24,,,49375.13,20619.08,41.76,Safe
District/Block,Maharashtra,2024-2025,Nashik,981.92,,,190044.61,109442.36,57.59,Safe
District/Block,Maharashtra,2024-2025,Osmanabad,768.63,,,85456.81,50933.74,59.6,Safe
District/Block,Maharashtra,2024-2025,Palghar,2503.65,,,20916.8,4947.55,23.65,Safe
District/Block,Maharashtra,2024-2025,Parbhani,872.01,,,82219.01,38162.49,46.42,Safe
District/Block,Maharashtra,2024-2025,Pune,682.79,,,182653.14,115497,63.23,Safe
District/Block,Maharashtra,2024-2025,Raigad,2961.78,,,35244.12,6499.1,18.44,Safe
District/Block,Maharashtra,2024-2025,Ratnagiri,3473.19,,,39046.48,6938.05,17.77,Safe
District/Block,Maharashtra,2024-2025,Sangli,653.92,,,132751.26,70034.28,52.76,Safe
District/Block,Maharashtra,2024-2025,Satara,1199.7,,,113514.24,65726.4,57.9,Safe
District/Block,Maharashtra,2024-2025,Sindhudurg,3464.8,,,22292.25,9914.8,44.48,Safe
District/Block,Maharashtra,2024-2025,Solapur,663.55,,,140354.46,100942.91,71.92,Semi-Critical
District/Block,Maharashtra,2024-2025,Thane,2526.54,,,16319.27,3122.55,19.13,Safe
District/Block,Maharashtra,2024-2025,Wardha,957.32,,,89027.95,42567.91,47.81,Safe
District/Block,Maharashtra,2024-2025,Washim,911.16,,,60105.41,34297.54,57.06,Safe
District/Block,Maharashtra,2024-2025,Yawatmal,1008.84,,,119403.43,45102.62,37.77,Safe
District/Block,Manipur,2024-2025,BISHNUPUR,1987.59,,,8714.26,595.89,6.84,Safe
District/Block,Manipur,2024-2025,CHURACHANDPUR,2133.46,,,5979.12,463.25,7.75,Safe
District/Block,Manipur,2024-2025,IMPHAL EAST,1717.14,,,11418.85,1061.76,9.3,Safe
District/Block,Manipur,2024-2025,IMPHAL WEST,1709.92,,,7870.7,830.08,10.55,Safe
District/Block,Manipur,2024-2025,THOUBAL,1276.78,,,5773.32,664.67,11.51,Safe
District/Block,Meghalaya,2024-2025,EAST GARO HILLS,2975,,,7643.46,346.1,4.53,Safe
District/Block,Meghalaya,2024-2025,EAST JAINTIA HILLS,2320,,,15116.31,233.74,1.55,Safe
District/Block,Meghalaya,2024-2025,EAST KHASI HILLS,4032,,,19635.67,698.2,3.56,Safe
District/Block,Meghalaya,2024-2025,NORTH GARO HILLS,2803,,,7743.68,498.71,6.44,Safe
District/Block,Meghalaya,2024-2025,RI BHOI,2030,,,5835.34,354.81,6.08,Safe
District/Block,Meghalaya,2024-2025,SOUTH GARO HILLS,4210,,,21126.28,256.98,1.22,Safe
District/Block,Meghalaya,2024-2025,SOUTH WEST GARO HILLS,1634,,,3875.98,766.44,19.77,Safe
District/Block,Meghalaya,2024-2025,SOUTH WEST KHASI HILLS,3918,,,12899.8,138.03,1.07,Safe
District/Block,Meghalaya,2024-2025,WEST GARO HILLS,2678,,,19046.95,3673.9,19.29,Safe
District/Block,Meghalaya,2024-2025,WEST JAINTIA HILLS,2320,,,10047.12,611.3,6.08,Safe
District/Block,Meghalaya,2024-2025,WEST KHASI HILLS,4062,,,30568.85,463.41,1.52,Safe
District/Block,Mizoram,2024-2025,AIZAWL,2204.46,,,1370.81,200.55,14.63,Safe
District/Block,Mizoram,2024-2025,CHAMPHAI,1728,,,1423.64,44.58,3.13,Safe
District/Block,Mizoram,2024-2025,KOLASIB,2205,,,2498.83,31.63,1.27,Safe
District/Block,Mizoram,2024-2025,LAWNGTLAI,2022,,,3039.64,104.27,3.43,Safe
District/Block,Mizoram,2024-2025,LUNGLEI,2092,,,4447.04,191.48,4.31,Safe
District/Block,Mizoram,2024-2025,MAMIT,2242,,,4658.72,102.76,2.21,Safe
District/Block,Mizoram,2024-2025,SAIHA,2262,,,695.46,40.44,5.81,Safe
District/Block,Mizoram,2024-2025,SERCHHIP,1747,,,820.47,48.24,5.88,Safe
District/Block,Nagaland,2024-2025,Dimapur,1744.96,,,20998.07,1409.31,6.71,Safe
District/Block,Nagaland,2024-2025,Kiphire,1074.1,,,522.15,9.16,1.75,Safe
District/Block,Nagaland,2024-2025,Kohima,1779.3,,,2773.3,216.16,7.79,Safe
District/Block,Nagaland,2024-2025,Longleng,1879.5,,,1389.8,6.56,0.47,Safe
District/Block,Nagaland,2024-2025,Mokokchung,2080.4,,,5620.3,95.41,1.7,Safe
District/Block,Nagaland,2024-2025,Mon,1469.1,,,3987.36,146.64,3.68,Safe
District/Block,Nagaland,2024-2025,Peren,1394.2,,,4053.17,171.37,4.23,Safe
District/Block,Nagaland,2024-2025,Phek,1295.1,,,1063.27,37.68,3.54,Safe
District/Block,Nagaland,2024-2025,Tuensang,2079.5,,,1308.25,46.74,3.57,Safe
District/Block,Nagaland,2024-2025,Wokha,2166.76,,,6870.44,178.15,2.59,Safe
District/Block,Nagaland,2024-2025,Zunheboto,2080.4,,,1706.45,58.96,3.46,Safe
District/Block,Odisha,2024-2025,ANGUL,1290.86,,,54664.46,29736.25,54.4,Safe
District/Block,Odisha,2024-2025,BALASORE,1715.34,,,132164.16,78812.27,59.63,Safe
District/Block,Odisha,2024-2025,BARGARH,1259.38,,,62297.82,34982.65,56.15,Safe
District/Block,Odisha,2024-2025,BHADRAK,1511.88,,,54399.13,33141.95,60.92,Safe
District/Block,Odisha,2024-2025,BOLANGIR,1226.93,,,56413.43,29461.8,52.22,Safe
District/Block,Odisha,2024-2025,BOUDH,1312.14,,,23513.27,10910.73,46.4,Safe
District/Block,Odisha,2024-2025,CUTTACK,1577.94,,,69962.19,33128.98,47.35,Safe
District/Block,Odisha,2024-2025,DEOGARH,1317.69,,,29872.78,17407.68,58.27,Safe
District/Block,Odisha,2024-2025,DHENKANAL,1428.17,,,44585.69,17206.53,38.59,Safe
District/Block,Odisha,2024-2025,GAJAPATI,1379.91,,,20130.53,7348.41,36.5,Safe
District/Block,Odisha,2024-2025,GANJAM,1296.04,,,94984.41,42413.69,44.65,Safe
District/Block,Odisha,2024-2025,JAGATSINGHPUR,1475.25,,,46098.11,27116.68,58.82,Safe
District/Block,Odisha,2024-2025,JAJPUR,1644.91,,,52553.38,34456.84,65.57,Safe
District/Block,Odisha,2024-2025,JHARSUGUDA,1314.08,,,19094.1,10028.58,52.52,Safe
District/Block,Odisha,2024-2025,KALAHANDI,1479.63,,,61810.65,27910.16,45.15,Safe
District/Block,Odisha,2024-2025,KANDHAMAL,1648.77,,,33918.03,11071.62,32.64,Safe
District/Block,Odisha,2024-2025,KENDRAPARA,1540.17,,,16442.29,10629.68,64.65,Safe
District/Block,Odisha,2024-2025,KEONJHAR,1386.31,,,84166.31,38723.56,46.01,Safe
District/Block,Odisha,2024-2025,KHURDA,1429.01,,,43154.49,27673.38,64.13,Safe
District/Block,Odisha,2024-2025,KORAPUT,1519.37,,,51538.16,13823.65,26.82,Safe
District/Block,Odisha,2024-2025,MALKANGIRI,1476.39,,,33788.51,7125.68,21.09,Safe
District/Block,Odisha,2024-2025,MAYURBHANJ,1522.68,,,135783.67,61947.87,45.62,Safe
District/Block,Odisha,2024-2025,NABARANGAPUR,1570.81,,,54268.87,21035.29,38.76,Safe
District/Block,Odisha,2024-2025,NAYAGARH,1409.63,,,35442.41,17102.61,48.25,Safe
District/Block,Odisha,2024-2025,NUAPADA,1120.57,,,30772.51,19878.14,64.6,Safe
District/Block,Odisha,2024-2025,PURI,1520.62,,,60539.94,33204.47,54.85,Safe
District/Block,Odisha,2024-2025,RAYAGADA,1337.43,,,32194.4,12200.58,37.9,Safe
District/Block,Odisha,2024-2025,SAMBALPUR,1423.59,,,60178.39,21259.33,35.33,Safe
District/Block,Odisha,2024-2025,SUBARNAPUR,1335.28,,,25818.64,13660.32,52.91,Safe
District/Block,Odisha,2024-2025,SUNDARGARH,1279.92,,,81752.38,37705.38,46.12,Safe
District/Block,Puducherry,2024-2025,BAHOUR,1525,,,3323.06,2983.48,89.78,Semi-Critical
District/Block,Puducherry,2024-2025,OZHUKARAI,1525,,,2764.9,2335.53,84.47,Semi-Critical
District/Block,Puducherry,2024-2025,PUDUCHERRY,1525,,,2318.55,2451.64,105.74,Over-Exploited
District/Block,Puducherry,2024-2025,VILLIANUR,1525,,,4843.17,3844.34,79.38,Semi-Critical
District/Block,Punjab,2024-2025,Amritsar,646.27,,,124711.65,199943.98,160.33,Over-Exploited
District/Block,Punjab,2024-2025,Barnala,517.97,,,48893.01,107249.28,219.36,Over-Exploited
District/Block,Punjab,2024-2025,Bathinda,377.93,,,123264.31,157825.23,128.04,Over-Exploited
District/Block,Punjab,2024-2025,Faridkot,398.97,,,43046.68,51318.27,119.22,Over-Exploited
District/Block,Punjab,2024-2025,Fatehgarh Sahib,685.1,,,35756.99,65125.37,182.13,Over-Exploited
District/Block,Punjab,2024-2025,Fazilka,369.07,,,66186.63,43141.14,65.18,Safe
District/Block,Punjab,2024-2025,Firozpur,428.7,,,125528.76,136651.96,108.86,Over-Exploited
District/Block,Punjab,2024-2025,Gurdaspur,819.72,,,136765.79,165672.55,121.14,Over-Exploited
District/Block,Punjab,2024-2025,Hoshiarpur,840.13,,,80412.83,100362.62,124.81,Over-Exploited
District/Block,Punjab,2024-2025,Jalandhar,625.09,,,86196.69,242359.13,281.17,Over-Exploited
District/Block,Punjab,2024-2025,Kapurthala,620.45,,,56633.74,137596.23,242.96,Over-Exploited
District/Block,Punjab,2024-2025,Ludhiana,581.08,,,123365.4,240136.75,194.65,Over-Exploited
District/Block,Punjab,2024-2025,Malerkotla,570.22,,,19433.77,58676.84,301.93,Over-Exploited
District/Block,Punjab,2024-2025,Mansa,404.55,,,71848.03,78105.53,108.71,Over-Exploited
District/Block,Punjab,2024-2025,Moga,454.25,,,70072.86,163329.59,233.09,Over-Exploited
District/Block,Punjab,2024-2025,Muktsar,394.37,,,96264.14,26773.68,27.81,Safe
District/Block,Punjab,2024-2025,Pathankot,1156.97,,,43294.2,17773.52,41.05,Safe
District/Block,Punjab,2024-2025,Patiala,657.55,,,90645.7,189026.55,208.53,Over-Exploited
District/Block,Punjab,2024-2025,Rupnagar,839.74,,,39343.06,36509.16,92.8,Critical
District/Block,Punjab,2024-2025,SAS Nagar,743.48,,,20385.37,23831.21,116.9,Over-Exploited
District/Block,Punjab,2024-2025,SBS Nagar,761.29,,,49073.41,56537.87,115.21,Over-Exploited
District/Block,Punjab,2024-2025,Sangrur,495.82,,,63227.66,195997.9,309.99,Over-Exploited
District/Block,Punjab,2024-2025,Tarn Taran,544.85,,,65592.76,132817.11,202.49,Over-Exploited
District/Block,Rajasthan,2024-2025,AJMER,534.38,,,33580.91,46389.72,138.14,Over-Exploited
District/Block,Rajasthan,2024-2025,ALWAR,671,,,70488.78,128390.72,182.14,Over-Exploited
District/Block,Rajasthan,2024-2025,BANSWARA,956.59,,,20902.62,14554.39,69.63,Safe
District/Block,Rajasthan,2024-2025,BARAN,935.36,,,58400.26,78786.09,134.91,Over-Exploited
District/Block,Rajasthan,2024-2025,BARMER,329.18,,,34883.49,46917.66,134.5,Over-Exploited
District/Block,Rajasthan,2024-2025,BHARATPUR,662.1,,,38315.32,44720.79,116.72,Over-Exploited
District/Block,Rajasthan,2024-2025,BHILWARA,657.64,,,40782.47,63541.4,155.81,Over-Exploited
District/Block,Rajasthan,2024-2025,BIKANER,338.23,,,28195.15,39635.01,140.57,Over-Exploited
District/Block,Rajasthan,2024-2025,BUNDI,723.41,,,32730.29,31390.41,95.91,Critical
District/Block,Rajasthan,2024-2025,CHITTAURGARH,807.81,,,31318.37,50693.1,161.86,Over-Exploited
District/Block,Rajasthan,2024-2025,CHURU,213.29,,,15541.57,20029.38,128.88,Over-Exploited
District/Block,Rajasthan,2024-2025,DAUSA,676.21,,,25184.08,58589.26,232.64,Over-Exploited
District/Block,Rajasthan,2024-2025,DHAULPUR,720.59,,,25806.56,35620.82,138.03,Over-Exploited
District/Block,Rajasthan,2024-2025,DUNGARPUR,779.31,,,20426.97,12502.23,61.2,Safe
District/Block,Rajasthan,2024-2025,GANGANAGAR,251.15,,,43292.97,17478.43,40.37,Safe
District/Block,Rajasthan,2024-2025,HANUMANGARH,322.17,,,20579.01,13448.76,65.35,Safe
District/Block,Rajasthan,2024-2025,JAIPUR,610.14,,,71377.76,154900.23,217.01,Over-Exploited
District/Block,Rajasthan,2024-2025,JAISALMER,212.57,,,9614.27,30942.89,321.84,Over-Exploited
District/Block,Rajasthan,2024-2025,JALOR,477.76,,,44656.19,79551.91,178.14,Over-Exploited
District/Block,Rajasthan,2024-2025,JHALAWAR,979.07,,,53536.01,56709.65,105.93,Over-Exploited
District/Block,Rajasthan,2024-2025,JHUNJHUNU,506.89,,,22436.15,51052.73,227.55,Over-Exploited
District/Block,Rajasthan,2024-2025,JODHPUR,329.59,,,38078.5,97087.88,254.97,Over-Exploited
District/Block,Rajasthan,2024-2025,KARAULI,715.62,,,32693,48873.77,149.49,Over-Exploited
District/Block,Rajasthan,2024-2025,KOTA,827.35,,,47218.69,52406.72,110.99,Over-Exploited
District/Block,Rajasthan,2024-2025,NAGAUR,443.17,,,58659.2,109830.71,187.24,Over-Exploited
District/Block,Rajasthan,2024-2025,PALI,550.44,,,31589.37,50012.98,158.32,Over-Exploited
District/Block,Rajasthan,2024-2025,PRATAPGARH,1039.38,,,21103.49,27259.76,129.17,Over-Exploited
District/Block,Rajasthan,2024-2025,RAJSAMAND,643.91,,,11259.85,13586.56,120.66,Over-Exploited
District/Block,Rajasthan,2024-2025,SAWAI MADHOPUR,777.22,,,41732.38,63478.28,152.11,Over-Exploited
District/Block,Rajasthan,2024-2025,SIKAR,520.52,,,34927.43,66832.1,191.35,Over-Exploited
District/Block,Rajasthan,2024-2025,SIROHI,669.29,,,27912.11,33298.27,119.3,Over-Exploited
District/Block,Rajasthan,2024-2025,TONK,632.65,,,44994.37,41133.76,91.42,Critical
District/Block,Rajasthan,2024-2025,UDAIPUR,724.69,,,29950.69,29973.71,100.08,Over-Exploited
District/Block,Sikkim,2024-2025,Gangtok,2756.4,,,6134.97,409.7,6.68,Safe
District/Block,Sikkim,2024-2025,Gyalsingh,2041.7,,,3412.42,237.59,6.96,Safe
District/Block,Sikkim,2024-2025,Mangan,2738.8,,,3344.94,104.98,3.14,Safe
District/Block,Sikkim,2024-2025,Namchi,2203.5,,,3191.38,213.91,6.7,Safe
District/Block,Sikkim,2024-2025,Pakyong,2756.4,,,4520.53,220.16,4.87,Safe
District/Block,Sikkim,2024-2025,Soreng,2041.7,,,1143.87,90.05,7.87,Safe
District/Block,Tamil Nadu,2024-2025,ARIYALUR,987.74,,,37340.9,18106.13,48.49,Safe
District/Block,Tamil Nadu,2024-2025,CHENGALPATTU,1274.17,,,62841.99,40364.83,64.23,Safe
District/Block,Tamil Nadu,2024-2025,CHENNAI,1453.24,,,8917.3,10854.47,121.72,Over-Exploited
District/Block,Tamil Nadu,2024-2025,COIMBATORE,971.57,,,56285.05,51695.65,91.85,Critical
District/Block,Tamil Nadu,2024-2025,CUDDALORE,1273.37,,,106943.73,67686.36,63.29,Safe
District/Block,Tamil Nadu,2024-2025,DHARMAPURI,868.78,,,47941.74,42963.53,89.62,Semi-Critical
District/Block,Tamil Nadu,2024-2025,DINDIGUL,853.81,,,53634.62,62994.42,117.45,Over-Exploited
District/Block,Tamil Nadu,2024-2025,ERODE,713.33,,,82174.7,63104.41,76.79,Semi-Critical
District/Block,Tamil Nadu,2024-2025,KALLAKURICHCHI,1048.5,,,59018.77,47833.39,81.05,Semi-Critical
District/Block,Tamil Nadu,2024-2025,KANCHEEPURAM,1245.06,,,53542.69,26188.01,48.91,Safe
District/Block,Tamil Nadu,2024-2025,KANNIYAKUMARI,1292.67,,,32314.57,4448.77,13.77,Safe
District/Block,Tamil Nadu,2024-2025,KARUR,644.6,,,29198.92,30110.06,103.12,Over-Exploited
District/Block,Tamil Nadu,2024-2025,KRISHNAGIRI,792.98,,,50471.35,46623.35,92.38,Critical
District/Block,Tamil Nadu,2024-2025,MADURAI,866.54,,,70769.07,49878.95,70.48,Semi-Critical
District/Block,Tamil Nadu,2024-2025,MAYILADUTHURAI,1327.38,,,40917.94,47718.53,116.62,Over-Exploited
District/Block,Tamil Nadu,2024-2025,NAMAKKAL,706.73,,,52433.66,60747.37,115.86,Over-Exploited
District/Block,Tamil Nadu,2024-2025,PERAMBALUR,893.56,,,25995.4,27517.06,105.85,Over-Exploited
District/Block,Tamil Nadu,2024-2025,PUDUKKOTTAI,835.39,,,96204.7,47440.95,49.31,Safe
District/Block,Tamil Nadu,2024-2025,RAMANATHAPURAM,770.65,,,54850.47,6030.07,10.99,Safe
District/Block,Tamil Nadu,2024-2025,RANIPET,1040.43,,,30121.8,25462.52,84.53,Semi-Critical
District/Block,Tamil Nadu,2024-2025,SALEM,883.38,,,47530.82,70120.4,147.53,Over-Exploited
District/Block,Tamil Nadu,2024-2025,SIVAGANGAI,885.48,,,70428.15,18338.08,26.04,Safe
District/Block,Tamil Nadu,2024-2025,TENKASI,811.39,,,53665.79,40910.3,76.23,Semi-Critical
District/Block,Tamil Nadu,2024-2025,THANJAVUR,1033.33,,,104570.81,105452.67,100.84,Over-Exploited
District/Block,Tamil Nadu,2024-2025,THE NILGIRIS,1801.78,,,7165.96,916.18,12.79,Safe
District/Block,Tamil Nadu,2024-2025,THENI,760.12,,,26976.5,22560.19,83.63,Semi-Critical
District/Block,Tamil Nadu,2024-2025,THIRUVARUR,1210.48,,,47989.63,25797.83,53.76,Safe
District/Block,Tamil Nadu,2024-2025,THOOTHUKUDI,620.63,,,77503.52,21384.64,27.59,Safe
District/Block,Tamil Nadu,2024-2025,TIRUCHIRAPPALLI,751.48,,,64242.73,54416.71,84.7,Semi-Critical
District/Block,Tamil Nadu,2024-2025,TIRUNELVELI,965.08,,,79000.72,32380.76,40.99,Safe
District/Block,Tamil Nadu,2024-2025,TIRUPATHUR,801.28,,,9712.9,13877.23,142.87,Over-Exploited
District/Block,Tamil Nadu,2024-2025,TIRUPPUR,632.27,,,63407.92,54494.93,85.94,Semi-Critical
District/Block,Tamil Nadu,2024-2025,TIRUVALLUR,1237.59,,,75245.28,41675.16,55.39,Safe
District/Block,Tamil Nadu,2024-2025,TIRUVANNAMALAI,1073.22,,,101557.73,87283.91,85.95,Semi-Critical
District/Block,Tamil Nadu,2024-2025,VELLORE,970.6,,,18174.31,22127.51,121.75,Over-Exploited
District/Block,Tamil Nadu,2024-2025,VILLUPURAM,1042.85,,,94473.26,80616.18,85.33,Semi-Critical
District/Block,Tamil Nadu,2024-2025,VIRUDHUNAGAR,777.86,,,52189.79,33569.66,64.32,Safe
District/Block,Telangana,2024-2025,Adilabad,1267.5,,,51020.35,20616.71,40.41,Safe
District/Block,Telangana,2024-2025,Bhadradri Kothagudem,1188.2,,,101107.48,33305.65,32.94,Safe
District/Block,Telangana,2024-2025,Hanumakonda,989.32,,,48180.65,29322.31,60.86,Safe
District/Block,Telangana,2024-2025,Hyderabad,828.1,,,6165.55,6061.83,98.32,Critical
District/Block,Telangana,2024-2025,Jagtial,1014.26,,,70054.71,25138.14,35.88,Safe
District/Block,Telangana,2024-2025,Jangaon,893.53,,,37699.4,22412.85,59.45,Safe
District/Block,Telangana,2024-2025,Jayashankar Bhupalapally,1066.6,,,47212.31,20210.32,42.81,Safe
District/Block,Telangana,2024-2025,Jogulamba Gadwal,578.02,,,44338.54,13301.68,30,Safe
District/Block,Telangana,2024-2025,Kamareddy,999.86,,,65195.21,33054.31,50.7,Safe
District/Block,Telangana,2024-2025,Karimnagar,905.13,,,84651.12,28201.9,33.32,Safe
District/Block,Telangana,2024-2025,Khammam,1036.62,,,106946.61,45685.64,42.72,Safe
District/Block,Telangana,2024-2025,Komarambheem Asifabad,1135.34,,,56791.34,11895.52,20.95,Safe
District/Block,Telangana,2024-2025,Mahabubabad,1548.24,,,64250.08,36263.58,56.44,Safe
District/Block,Telangana,2024-2025,Mahabubnagar,649.26,,,33058.38,25179.69,76.17,Semi-Critical
District/Block,Telangana,2024-2025,Mancherial,1045.6,,,88258.31,36912.82,41.82,Safe
District/Block,Telangana,2024-2025,Medak,840.94,,,49497.25,34425.94,69.55,Safe
District/Block,Telangana,2024-2025,Medchal Malkajgiri,767.7,,,9736.91,7177.96,73.72,Semi-Critical
District/Block,Telangana,2024-2025,Mulug,1375.01,,,54650.14,13804.67,25.26,Safe
District/Block,Telangana,2024-2025,Nagarkurnool,663.03,,,87476.46,35058.64,40.08,Safe
District/Block,Telangana,2024-2025,Nalgonda,697.34,,,128247.44,63153.93,49.24,Safe
District/Block,Telangana,2024-2025,Narayanpet,610.35,,,30535.49,11755.47,38.5,Safe
District/Block,Telangana,2024-2025,Nirmal,1054.71,,,68160.8,25568.97,37.51,Safe
District/Block,Telangana,2024-2025,Nizamabad,987.7,,,100146.81,52094.18,52.02,Safe
District/Block,Telangana,2024-2025,Peddapalle,1013.56,,,47233.35,22190.24,46.98,Safe
District/Block,Telangana,2024-2025,Rajanna Siricilla,887.74,,,41408.46,28776.17,69.49,Safe
District/Block,Telangana,2024-2025,Rangareddy,713.02,,,50532.72,34397.63,68.07,Safe
District/Block,Telangana,2024-2025,Sangareddy,861.85,,,41876.9,20155.5,48.13,Safe
District/Block,Telangana,2024-2025,Siddipet,772.61,,,49695.51,34168.15,68.76,Safe
District/Block,Telangana,2024-2025,Suryapet,779.74,,,103271.29,30974.16,29.99,Safe
District/Block,Telangana,2024-2025,Vikarabad,744.42,,,32751,19865.71,60.66,Safe
District/Block,Telangana,2024-2025,Wanaparthy,631.95,,,64149.3,28357.28,44.21,Safe
District/Block,Telangana,2024-2025,Warangal,1013.52,,,50602.5,29399.27,58.1,Safe
District/Block,Telangana,2024-2025,Yadadri Bhuvanagiri,744.47,,,69137.42,48128.23,69.61,Safe
District/Block,Tripura,2024-2025,DHALAI,2424.33,,,18379.79,1350.98,7.35,Safe
District/Block,Tripura,2024-2025,GOMATI,2174.79,,,22197.08,1303.37,5.87,Safe
District/Block,Tripura,2024-2025,KHOWAI,2223.92,,,11160.92,825.27,7.39,Safe
District/Block,Tripura,2024-2025,NORTH TRIPURA,2541.07,,,9047.45,1103.5,12.2,Safe
District/Block,Tripura,2024-2025,SEPAHIJALA,2035.59,,,17980.61,1620.66,9.01,Safe
District/Block,Tripura,2024-2025,SOUTH TRIPURA,2449.44,,,22036.47,2291.98,10.4,Safe
District/Block,Tripura,2024-2025,UNAKOTI,2391.53,,,8224.49,854.23,10.39,Safe
District/Block,Tripura,2024-2025,WEST TRIPURA,2046.3,,,15144.27,3147.56,20.78,Safe
District/Block,Uttar Pradesh,2024-2025,AGRA,614.65,,,85942.74,95735.64,111.39,Over-Exploited
District/Block,Uttar Pradesh,2024-2025,ALIGARH,667.47,,,92580.14,74294.47,80.25,Semi-Critical
District/Block,Uttar Pradesh,2024-2025,AMBEDKAR NAGAR,1013.3,,,72529.08,45735.12,63.06,Safe
District/Block,Uttar Pradesh,2024-2025,AMETHI,853,,,80774.72,53212.99,65.88,Safe
District/Block,Uttar Pradesh,2024-2025,AMROHA,902.59,,,49625.42,46188.96,93.08,Critical
District/Block,Uttar Pradesh,2024-2025,AURAIYA,624.88,,,61641.22,38837.92,63.01,Safe
District/Block,Uttar Pradesh,2024-2025,AYODHYA,952.71,,,85522.8,52978.71,61.95,Safe
District/Block,Uttar Pradesh,2024-2025,AZAMGARH,900.26,,,126528.4,74930.73,59.22,Safe
District/Block,Uttar Pradesh,2024-2025,BAGPAT,674.76,,,32081.15,30768.84,95.91,Critical
District/Block,Uttar Pradesh,2024-2025,BAHRAICH,1158.8,,,144373.29,84292.74,58.39,Safe
District/Block,Uttar Pradesh,2024-2025,BALLIA,922.03,,,86175.47,53394.68,61.96,Safe
District/Block,Uttar Pradesh,2024-2025,BALRAMPUR,1065.2,,,100110.51,55020.66,54.96,Safe
District/Block,Uttar Pradesh,2024-2025,BANDA,943.2,,,66271.54,44351.63,66.92,Safe
District/Block,Uttar Pradesh,2024-2025,BARABANKI,978.39,,,190876.2,118642.63,62.16,Safe
District/Block,Uttar Pradesh,2024-2025,BAREILLY,877.86,,,109695.62,78584.16,71.64,Semi-Critical
District/Block,Uttar Pradesh,2024-2025,BASTI,1110.78,,,76066.16,49242.62,64.74,Safe
District/Block,Uttar Pradesh,2024-2025,BIJNOR,1053.5,,,137113.52,95178.89,69.42,Safe
District/Block,Uttar Pradesh,2024-2025,BUDAUN,784.54,,,74009.11,58756.07,79.39,Semi-Critical
District/Block,Uttar Pradesh,2024-2025,BULANDSHAHAR,673.13,,,147761.22,137622.32,93.14,Critical
District/Block,Uttar Pradesh,2024-2025,CHANDAULI,949.06,,,51566.6,31158.47,60.42,Safe
District/Block,Uttar Pradesh,2024-2025,CHITRAKOOT,943.2,,,39296.43,31896.76,81.17,Semi-Critical
District/Block,Uttar Pradesh,2024-2025,DEORIA,1019.38,,,132028.48,83220.53,63.03,Safe
District/Block,Uttar Pradesh,2024-2025,ETAH,658.23,,,79836.9,56819.33,71.17,Semi-Critical
District/Block,Uttar Pradesh,2024-2025,ETAWAH,587.48,,,65899.89,34974.15,53.07,Safe
District/Block,Uttar Pradesh,2024-2025,FARRUKHABAD,753.48,,,46069.36,34277.7,74.4,Semi-Critical
District/Block,Uttar Pradesh,2024-2025,FATEHPUR,746.9,,,109693.65,78830.51,71.86,Semi-Critical
District/Block,Uttar Pradesh,2024-2025,FIROZABAD,656.92,,,78955.13,78052.14,98.86,Critical
District/Block,Uttar Pradesh,2024-2025,G.B.NAGAR,537.16,,,46373.89,48788.68,105.21,Over-Exploited
District/Block,Uttar Pradesh,2024-2025,GHAZIABAD,729.83,,,37947.69,46960.59,123.75,Over-Exploited
District/Block,Uttar Pradesh,2024-2025,GHAZIPUR,853.77,,,95066.39,58040.18,61.05,Safe
District/Block,Uttar Pradesh,2024-2025,GONDA,1047,,,117614.43,71785.85,61.03,Safe
District/Block,Uttar Pradesh,2024-2025,GORAKHPUR,1338.3,,,165518.29,104081.13,62.88,Safe
District/Block,Uttar Pradesh,2024-2025,HAMIRPUR,735.88,,,41669.66,27526.49,66.06,Safe
District/Block,Uttar Pradesh,2024-2025,HAPUR,788.32,,,47504.82,44619.39,93.93,Critical
District/Block,Uttar Pradesh,2024-2025,HARDOI,816.35,,,165087.04,101602.9,61.55,Safe
District/Block,Uttar Pradesh,2024-2025,HATHRAS,618.98,,,66556.11,60873.71,91.46,Critical
District/Block,Uttar Pradesh,2024-2025,JALAUN,687.2,,,94786.97,53916.35,56.88,Safe
District/Block,Uttar Pradesh,2024-2025,JAUNPUR,901.72,,,122753.44,86239.68,70.25,Semi-Critical
District/Block,Uttar Pradesh,2024-2025,JHANSI,764.99,,,66830.74,44178.51,66.11,Safe
District/Block,Uttar Pradesh,2024-2025,KANNAUJ,714.62,,,57680.48,45638.15,79.12,Semi-Critical
District/Block,Uttar Pradesh,2024-2025,KANPUR DEHAT,726.51,,,77374.53,55203.43,71.35,Semi-Critical
District/Block,Uttar Pradesh,2024-2025,KANPUR NAGAR,709.6,,,81068.99,63708.3,78.59,Semi-Critical
District/Block,Uttar Pradesh,2024-2025,KASGANJ,724.77,,,67626.4,46938.44,69.41,Safe
District/Block,Uttar Pradesh,2024-2025,KAUSHAMBI,846.45,,,46578.39,37782.21,81.12,Semi-Critical
District/Block,Uttar Pradesh,2024-2025,KUSHI NAGAR,1112,,,163725.97,84133.48,51.39,Safe
District/Block,Uttar Pradesh,2024-2025,LAKHIMPUR KHERI,1130,,,215721.94,131553.57,60.98,Safe
District/Block,Uttar Pradesh,2024-2025,LALITPUR,909.89,,,37797.65,31381.66,83.03,Semi-Critical
District/Block,Uttar Pradesh,2024-2025,LUCKNOW,879.83,,,70463.26,47993.17,68.11,Safe
District/Block,Uttar Pradesh,2024-2025,MAHOBA,809.7,,,28825.19,25594.22,88.79,Semi-Critical
District/Block,Uttar Pradesh,2024-2025,MAHRAJGANJ,1389.1,,,97903.64,62785.74,64.13,Safe
District/Block,Uttar Pradesh,2024-2025,MAINPURI,659.74,,,84849.27,61645.89,72.65,Semi-Critical
District/Block,Uttar Pradesh,2024-2025,MATHURA,556.89,,,124992.54,88669.77,70.94,Semi-Critical
District/Block,Uttar Pradesh,2024-2025,MAUNATH BHANJAN,897.3,,,45957.75,29752.76,64.74,Safe
District/Block,Uttar Pradesh,2024-2025,MEERUT,856.89,,,80421.9,63441.9,78.89,Semi-Critical
District/Block,Uttar Pradesh,2024-2025,MIRZAPUR,973.1,,,55752,35145.17,63.04,Safe
District/Block,Uttar Pradesh,2024-2025,MORADABAD,902.59,,,64036.11,55270.63,86.31,Semi-Critical
District/Block,Uttar Pradesh,2024-2025,MUZAFFARNAGAR,869.1,,,101944.23,81226.46,79.68,Semi-Critical
District/Block,Uttar Pradesh,2024-2025,PILIBHIT,1201.27,,,98513.11,61421.64,62.35,Safe
District/Block,Uttar Pradesh,2024-2025,PRATAPGARH,837.75,,,130448.05,99611.88,76.36,Semi-Critical
District/Block,Uttar Pradesh,2024-2025,PRAYAGRAJ,843.09,,,129118.65,94739.87,73.37,Semi-Critical
District/Block,Uttar Pradesh,2024-2025,RAIBARELI,748.3,,,116451.13,69245.99,59.46,Safe
District/Block,Uttar Pradesh,2024-2025,RAMPUR,1051.61,,,75304.73,53109.77,70.53,Semi-Critical
District/Block,Uttar Pradesh,2024-2025,SAHARANPUR,1102.65,,,134849.64,130375.89,96.68,Critical
District/Block,Uttar Pradesh,2024-2025,SAMBHAL,784.54,,,44596.7,38576.2,86.5,Semi-Critical
District/Block,Uttar Pradesh,2024-2025,SANT KABIR NAGAR,1253.92,,,48668.81,29471.29,60.55,Safe
District/Block,Uttar Pradesh,2024-2025,SANT RAVIDAS NAGAR,949.6,,,79248.39,59124.75,74.61,Semi-Critical
District/Block,Uttar Pradesh,2024-2025,SHAHJAHANPUR,898.18,,,121135.38,75062.88,61.97,Safe
District/Block,Uttar Pradesh,2024-2025,SHAMLI,869.1,,,43931.99,44155.72,100.51,Over-Exploited
District/Block,Uttar Pradesh,2024-2025,SHRAWASTI,1184.51,,,53770.9,31413.96,58.42,Safe
District/Block,Uttar Pradesh,2024-2025,SIDDHARTH NAGAR,1158.57,,,87618.99,55977.81,63.89,Safe
District/Block,Uttar Pradesh,2024-2025,SITAPUR,991.26,,,191490.38,111199.82,58.07,Safe
District/Block,Uttar Pradesh,2024-2025,SONBHADRA,973.09,,,54228.49,26690.85,49.22,Safe
District/Block,Uttar Pradesh,2024-2025,SULTANPUR,887.59,,,86077.22,53591.19,62.26,Safe
District/Block,Uttar Pradesh,2024-2025,UNNAO,765.68,,,160946.83,98827.48,61.4,Safe
District/Block,Uttar Pradesh,2024-2025,VARANASI,925.78,,,47536.97,42426.39,89.25,Semi-Critical
District/Block,Uttarakhand,2024-2025,DEHRADUN,2183.6,,,51009.32,20431,40.05,Safe
District/Block,Uttarakhand,2024-2025,HARIDWAR,1020,,,43422.85,28501.58,65.64,Safe
District/Block,Uttarakhand,2024-2025,NAINITAL,1711,,,26011.24,14105.23,54.23,Safe
District/Block,Uttarakhand,2024-2025,UDHAMSINGH NAGAR,1465.3,,,74756.36,42206.67,56.46,Safe
District/Block,West Bengal,2024-2025,ALIPURDUAR,3468.3,,,116176.02,12981.17,11.17,Safe
District/Block,West Bengal,2024-2025,BANKURA,1330.9,,,147036.71,59437.76,40.42,Safe
District/Block,West Bengal,2024-2025,BIRBHUM,1392.8,,,103094.32,34464.15,33.43,Safe
District/Block,West Bengal,2024-2025,DAKSHIN DINAJPUR,1584.9,,,102169.85,62222.5,60.9,Safe
District/Block,West Bengal,2024-2025,DARJILING,3118.5,,,38126.81,3323.45,8.72,Safe
District/Block,West Bengal,2024-2025,HAORA,1600,,,21190.22,4358.88,20.57,Safe
District/Block,West Bengal,2024-2025,HUGLI,1476.1,,,116406.2,62710.62,53.87,Safe
District/Block,West Bengal,2024-2025,JALPAIGURI,3468.3,,,169540.51,20353.68,12.01,Safe
District/Block,West Bengal,2024-2025,JHARGRAM,1535.5,,,94154.65,23607.35,25.07,Safe
District/Block,West Bengal,2024-2025,KALIMPONG,3118.5,,,3604.32,64.97,1.8,Safe
District/Block,West Bengal,2024-2025,KOCH BIHAR,3284.1,,,186481.62,86164.64,46.21,Safe
District/Block,West Bengal,2024-2025,MALDA,1449.7,,,106801.68,36167.96,33.86,Safe
District/Block,West Bengal,2024-2025,MURSHIDABAD,1433.2,,,180970.34,105680.05,58.4,Safe
District/Block,West Bengal,2024-2025,NADIA,1443.8,,,176494.48,144473.85,81.86,Semi-Critical
District/Block,West Bengal,2024-2025,NORTH 24 PARGANAS,1623.6,,,138984.52,97709.84,70.3,Semi-Critical
District/Block,West Bengal,2024-2025,PASCHIM BARDDHAMAN,1348.2,,,21955.99,11851.12,53.98,Safe
District/Block,West Bengal,2024-2025,PASCHIM MEDINIPUR,1535.5,,,218332.66,116439.91,53.33,Safe
District/Block,West Bengal,2024-2025,PURBA BARDDHAMAN,1348.2,,,183612.97,96267.52,52.43,Safe
District/Block,West Bengal,2024-2025,PURBA MEDINIPUR,1669.6,,,60362.23,22020.83,36.48,Safe
District/Block,West Bengal,2024-2025,PURULIYA,1363.3,,,53142.82,9458.18,17.8,Safe
District/Block,West Bengal,2024-2025,UTTAR DINAJPUR,1922.3,,,111027.15,52014.09,46.85,Safe
State/UT,Andhra Pradesh,2024-2025,,891.99,2634074.59,131708.03,2502366.5,788386.8,31.51,Safe
State/UT,Arunachal Pradesh,2024-2025,,3318.78,368985.05,36898.53,328838.35,1343.76,0.41,Safe
State/UT,Assam,2024-2025,,2362.11,2671527.53,247025.53,2059912.17,293141.2,14.23,Safe
State/UT,Bihar,2024-2025,,1202.46,3450610.62,318595.2,3132096.73,1446952.86,46.2,Safe
State/UT,Chandigarh,2024-2025,,1009.8,5318.43,531.85,4786.58,3206.89,67,Safe
State/UT,Chhattisgarh,2024-2025,,1338.43,1430260.13,123394.17,1306865.95,629687.36,48.18,Safe
State/UT,Delhi (NCT),2024-2025,,652,38304.41,3747.26,34557.15,31828.23,92.1,Critical
State/UT,Goa,2024-2025,,3355.27,38126.67,7625.33,30501.34,7105.34,23.3,Safe
State/UT,Gujarat,2024-2025,,855.95,2757655.75,196986.3,2560669.44,1437049.72,56.12,Safe
State/UT,Haryana,2024-2025,,486.28,1027379.87,97267.06,930112.81,1271939.84,136.75,Over-Exploited
State/UT,Himachal Pradesh,2024-2025,,1597.96,112309.7,11135.64,101174.06,38790.96,38.34,Safe
State/UT,Jammu & Kashmir,2024-2025,,1180.19,230240.72,22786.55,207454.17,51310.56,24.73,Safe
State/UT,Jharkhand,2024-2025,,1306.33,614666.69,51260.74,563405.96,185303.7,32.89,Safe
State/UT,Karnataka,2024-2025,,1035.07,1927458.48,186047.68,1741410.74,1157913.85,66.49,Safe
State/UT,Kerala,2024-2025,,2800.1,545485.07,52072.9,493412.17,246445.65,49.95,Safe
State/UT,Ladakh,2024-2025,,69.36,6741.89,674.19,6067.7,1876.88,30.93,Safe
State/UT,Madhya Pradesh,2024-2025,,1082.12,3606611.75,191729.38,3414882.36,2025793.91,59.32,Safe
State/UT,Maharashtra,2024-2025,,1039.98,3388867.94,189454.03,3199413.91,1657040.9,51.79,Safe
State/UT,Manipur,2024-2025,,1731.87,44173.62,4417.37,39756.25,3615.65,9.09,Safe
State/UT,Meghalaya,2024-2025,,3074.77,183500.52,18350.12,153539.44,8041.62,5.24,Safe
State/UT,Mizoram,2024-2025,,2091.39,21060.72,2106.11,18954.61,763.95,4.03,Safe
State/UT,Nagaland,2024-2025,,1768.17,55284.96,4966.17,50292.56,2376.14,4.72,Safe
State/UT,Odisha,2024-2025,,1419.2,1743869.08,141565.89,1602303.11,781104.76,48.75,Safe
State/UT,Puducherry,2024-2025,,1525,14440.26,1190.58,13249.68,11614.99,87.66,Semi-Critical
State/UT,Punjab,2024-2025,,579.67,1857919.17,181676.33,1679943.44,2626761.47,156.36,Over-Exploited
State/UT,Rajasthan,2024-2025,,477.06,1287008.1,124839.82,1162168.28,1709620.1,147.11,Over-Exploited
State/UT,Sikkim,2024-2025,,2459.47,24164.56,2416.45,21748.11,1276.39,5.87,Safe
State/UT,Tamil Nadu,2024-2025,,924.91,2260786.07,217238.01,2045755.19,1503691.17,73.5,Semi-Critical
State/UT,Telangana,2024-2025,,923.84,2192629.99,208590.43,1984039.79,927015.05,46.72,Safe
State/UT,Tripura,2024-2025,,2273.61,153184.44,15114.59,124171.08,12497.55,10.06,Safe
State/UT,Uttar Pradesh,2024-2025,,886.75,7338707.77,641316.95,6697390.82,4688501.16,70,Semi-Critical
State/UT,Uttarakhand,2024-2025,,1537.59,212513.02,17313.25,195199.77,105244.48,53.92,Safe
State/UT,West Bengal,2024-2025,,1737.85,2585401.15,235735.06,2349666.07,1061772.51,45.19,Safe
